{"issues_url": "https://api.github.com/repos/ansible/ansible/issues{/number}", "deployments_url": "https://api.github.com/repos/ansible/ansible/deployments", "stargazers_count": 16282, "forks_url": "https://api.github.com/repos/ansible/ansible/forks", "mirror_url": null, "subscription_url": "https://api.github.com/repos/ansible/ansible/subscription", "notifications_url": "https://api.github.com/repos/ansible/ansible/notifications{?since,all,participating}", "collaborators_url": "https://api.github.com/repos/ansible/ansible/collaborators{/collaborator}", "updated_at": "2016-04-15T17:51:37Z", "private": false, "pulls_url": "https://api.github.com/repos/ansible/ansible/pulls{/number}", "issue_comment_url": "https://api.github.com/repos/ansible/ansible/issues/comments{/number}", "labels_url": "https://api.github.com/repos/ansible/ansible/labels{/name}", "has_wiki": false, "full_name": "ansible/ansible", "owner": {"following_url": "https://api.github.com/users/ansible/following{/other_user}", "events_url": "https://api.github.com/users/ansible/events{/privacy}", "organizations_url": "https://api.github.com/users/ansible/orgs", "url": "https://api.github.com/users/ansible", "gists_url": "https://api.github.com/users/ansible/gists{/gist_id}", "html_url": "https://github.com/ansible", "subscriptions_url": "https://api.github.com/users/ansible/subscriptions", "avatar_url": "https://avatars.githubusercontent.com/u/1507452?v=3", "repos_url": "https://api.github.com/users/ansible/repos", "received_events_url": "https://api.github.com/users/ansible/received_events", "gravatar_id": "", "starred_url": "https://api.github.com/users/ansible/starred{/owner}{/repo}", "site_admin": false, "login": "ansible", "type": "Organization", "id": 1507452, "followers_url": "https://api.github.com/users/ansible/followers"}, "statuses_url": "https://api.github.com/repos/ansible/ansible/statuses/{sha}", "id": 3638964, "keys_url": "https://api.github.com/repos/ansible/ansible/keys{/key_id}", "description": "Ansible is a radically simple IT automation platform that makes your applications and systems easier to deploy. Avoid writing scripts or custom code to deploy and update your applications— automate in a language that approaches plain English, using SSH, with no agents to install on remote systems.", "subscribers_count": 1296, "tags_url": "https://api.github.com/repos/ansible/ansible/tags", "network_count": 4874, "downloads_url": "https://api.github.com/repos/ansible/ansible/downloads", "assignees_url": "https://api.github.com/repos/ansible/ansible/assignees{/user}", "contents_url": "https://api.github.com/repos/ansible/ansible/contents/{+path}", "has_pages": false, "git_refs_url": "https://api.github.com/repos/ansible/ansible/git/refs{/sha}", "open_issues_count": 1323, "clone_url": "https://github.com/ansible/ansible.git", "watchers_count": 16282, "git_tags_url": "https://api.github.com/repos/ansible/ansible/git/tags{/sha}", "milestones_url": "https://api.github.com/repos/ansible/ansible/milestones{/number}", "languages_url": "https://api.github.com/repos/ansible/ansible/languages", "size": 55856, "homepage": "http://ansible.com/", "fork": false, "commits_url": "https://api.github.com/repos/ansible/ansible/commits{/sha}", "releases_url": "https://api.github.com/repos/ansible/ansible/releases{/id}", "issue_events_url": "https://api.github.com/repos/ansible/ansible/issues/events{/number}", "archive_url": "https://api.github.com/repos/ansible/ansible/{archive_format}{/ref}", "comments_url": "https://api.github.com/repos/ansible/ansible/comments{/number}", "events_url": "https://api.github.com/repos/ansible/ansible/events", "contributors_url": "https://api.github.com/repos/ansible/ansible/contributors", "html_url": "https://github.com/ansible/ansible", "forks": 4874, "compare_url": "https://api.github.com/repos/ansible/ansible/compare/{base}...{head}", "open_issues": 1323, "git_url": "git://github.com/ansible/ansible.git", "svn_url": "https://github.com/ansible/ansible", "merges_url": "https://api.github.com/repos/ansible/ansible/merges", "has_issues": true, "ssh_url": "git@github.com:ansible/ansible.git", "blobs_url": "https://api.github.com/repos/ansible/ansible/git/blobs{/sha}", "git_commits_url": "https://api.github.com/repos/ansible/ansible/git/commits{/sha}", "hooks_url": "https://api.github.com/repos/ansible/ansible/hooks", "has_downloads": true, "watchers": 16282, "name": "ansible", "language": "Python", "url": "https://api.github.com/repos/ansible/ansible", "created_at": "2012-03-06T14:58:02Z", "pushed_at": "2016-04-15T17:50:30Z", "forks_count": 4874, "default_branch": "devel", "teams_url": "https://api.github.com/repos/ansible/ansible/teams", "trees_url": "https://api.github.com/repos/ansible/ansible/git/trees{/sha}", "organization": {"following_url": "https://api.github.com/users/ansible/following{/other_user}", "events_url": "https://api.github.com/users/ansible/events{/privacy}", "organizations_url": "https://api.github.com/users/ansible/orgs", "url": "https://api.github.com/users/ansible", "gists_url": "https://api.github.com/users/ansible/gists{/gist_id}", "html_url": "https://github.com/ansible", "subscriptions_url": "https://api.github.com/users/ansible/subscriptions", "avatar_url": "https://avatars.githubusercontent.com/u/1507452?v=3", "repos_url": "https://api.github.com/users/ansible/repos", "received_events_url": "https://api.github.com/users/ansible/received_events", "gravatar_id": "", "starred_url": "https://api.github.com/users/ansible/starred{/owner}{/repo}", "site_admin": false, "login": "ansible", "type": "Organization", "id": 1507452, "followers_url": "https://api.github.com/users/ansible/followers"}, "branches_url": "https://api.github.com/repos/ansible/ansible/branches{/branch}", "subscribers_url": "https://api.github.com/repos/ansible/ansible/subscribers", "permissions": {"admin": false, "push": false, "pull": true}, "stargazers_url": "https://api.github.com/repos/ansible/ansible/stargazers"}{"Shell": 11772, "Python": 2696804, "JavaScript": 31220, "Makefile": 29241, "Tcl": 2533, "HTML": 24117, "Batchfile": 109, "PowerShell": 13542, "CSS": 132263}